Workbook

Sheet Supply Network Model
A4: INDIAN LUXURY RETAIL — SUPPLY NETWORK OPTIMISATION
A5: Minimise total distribution cost across 3 warehouses → 6 boutiques | Solved with Excel Solver (Linear Programming)
A7: A. SHIPPING COST MATRIX (₹ per unit)
A8: Warehouse \ Boutique | B8: Delhi CP | C8: Jaipur | D8: Hyderabad | E8: Chennai | F8: Kolkata | G8: Pune | H8: Supply (units) | I8: Used
A9: Mumbai WH | B9: 320 | C9: 410 | D9: 680 | E9: 750 | F9: 820 | G9: 290 | H9: 180 | I9: =SUM(B20:G20) -> 165
A10: Delhi WH | B10: 380 | C10: 210 | D10: 590 | E10: 670 | F10: 540 | G10: 520 | H10: 150 | I10: =SUM(B21:G21) -> 115
A11: Bangalore WH | B11: 610 | C11: 640 | D11: 280 | E11: 310 | F11: 720 | G11: 240 | H11: 160 | I11: =SUM(B22:G22) -> 150
A13: B. BOUTIQUE DEMAND
A14: Boutique | B14: Delhi CP | C14: Jaipur | D14: Hyderabad | E14: Chennai | F14: Kolkata | G14: Pune
A15: Demand (units) | B15: 90 | C15: 60 | D15: 70 | E15: 80 | F15: 55 | G15: 75
A16: Shipped (units) | B16: =SUM(B19:B21) -> 90 | C16: =SUM(C19:C21) -> 60 | D16: =SUM(D19:D21) -> 0 | E16: =SUM(E19:E21) -> 0 | F16: =SUM(F19:F21) -> 55 | G16: =SUM(G19:G21) -> 75
A18: C. DECISION VARIABLES — Units shipped (Solver changes these)
A19: Warehouse \ Boutique | B19: Delhi CP | C19: Jaipur | D19: Hyderabad | E19: Chennai | F19: Kolkata | G19: Pune | H19: Total Shipped | I19: Supply Avail.
A20: Mumbai WH | B20: 90 | C20: 0 | D20: 0 | E20: 0 | F20: 0 | G20: 75 | H20: =SUM(B20:G20) -> 165 | I20: 180
A21: Delhi WH | B21: 0 | C21: 60 | D21: 0 | E21: 0 | F21: 55 | G21: 0 | H21: =SUM(B21:G21) -> 115 | I21: 150
A22: Bangalore WH | B22: 0 | C22: 0 | D22: 70 | E22: 80 | F22: 0 | G22: 0 | H22: =SUM(B22:G22) -> 150 | I22: 160
A24: D. OBJECTIVE FUNCTION — Total Shipping Cost (MINIMISE)
A25: Total Distribution Cost = SUMPRODUCT(cost matrix × units shipped) | H25: =SUMPRODUCT(B9:G11,B20:G22) -> 137250
A27: E. CONSTRAINTS
A28: Constraint Type | B28: Description | H28: Solver Reference
A29: Supply constraint (each WH) | B29: Units shipped ≤ Warehouse supply capacity | H29: H20:H22 ≤ I20:I22
A30: Demand constraint (each boutique) | B30: Units received = Boutique demand | H30: B16:G16 = B15:G15
A31: Non-negativity | B31: All shipments ≥ 0 | H31: B20:G22 ≥ 0
A32: Integer constraint | B32: Units must be whole numbers | H32: B20:G22 = integer
A34: HOW TO RUN SOLVER: Data → Solver → Set Objective: H25 (Min) → Variables: B20:G22 → Add constraints above → Solve

Sheet Results Dashboard
A1: OPTIMISATION RESULTS — INDIAN LUXURY RETAIL SUPPLY NETWORK
A2: Post-Solver optimal allocation | Baseline vs Optimised cost comparison | Route-level savings
A5: KEY PERFORMANCE INDICATORS
B6: 342500 | C6: ='Supply Network Model'!H25 -> 137250 | D6: =B6-C6 -> 205250 | E6: =(B6-C6)/B6 -> 0.59927007 | F6: =SUM('Supply Network Model'!B16:G16) -> 280 | G6: 6 / 6
A8: OPTIMAL SHIPPING ALLOCATION (units)
A9: Warehouse | B9: Delhi CP | C9: Jaipur | D9: Hyderabad | E9: Chennai | F9: Kolkata | G9: Pune | H9: Total Shipped | I9: Cost (₹)
A10: Mumbai WH | B10: ='Supply Network Model'!B20 -> 90 | C10: ='Supply Network Model'!C20 -> 0 | D10: ='Supply Network Model'!D20 -> 0 | E10: ='Supply Network Model'!E20 -> 0 | F10: ='Supply Network Model'!F20 -> 0 | G10: ='Supply Network Model'!G20 -> 75 | H10: =SUM(B10:G10) -> 165 | I10: =SUMPRODUCT('Supply Network Model'!B9:G9,'Supply Network Model'!B20:G20) -> 50550
A11: Delhi WH | B11: ='Supply Network Model'!B21 -> 0 | C11: ='Supply Network Model'!C21 -> 60 | D11: ='Supply Network Model'!D21 -> 0 | E11: ='Supply Network Model'!E21 -> 0 | F11: ='Supply Network Model'!F21 -> 55 | G11: ='Supply Network Model'!G21 -> 0 | H11: =SUM(B11:G11) -> 115 | I11: =SUMPRODUCT('Supply Network Model'!B10:G10,'Supply Network Model'!B21:G21) -> 42300
A12: Bangalore WH | B12: ='Supply Network Model'!B22 -> 0 | C12: ='Supply Network Model'!C22 -> 0 | D12: ='Supply Network Model'!D22 -> 70 | E12: ='Supply Network Model'!E22 -> 80 | F12: ='Supply Network Model'!F22 -> 0 | G12: ='Supply Network Model'!G22 -> 0 | H12: =SUM(B12:G12) -> 150 | I12: =SUMPRODUCT('Supply Network Model'!B11:G11,'Supply Network Model'!B22:G22) -> 44400
A13: TOTAL | B13: =SUM(B10:B12) -> 90 | C13: =SUM(C10:C12) -> 60 | D13: =SUM(D10:D12) -> 70 | E13: =SUM(E10:E12) -> 80 | F13: =SUM(F10:F12) -> 55 | G13: =SUM(G10:G12) -> 75 | H13: =SUM(H10:H12) -> 430 | I13: =SUM(I10:I12) -> 137250
A15: ROUTE-LEVEL COST BREAKDOWN
A16: Route | B16: Units | C16: Cost/Unit (₹) | D16: Route Cost (₹) | E16: % of Total | F16: Insight
A17: Mumbai WH → Delhi CP | B17: ='Supply Network Model'!B20 -> 90 | C17: ='Supply Network Model'!B9 -> 320 | D17: =B17*C17 -> 28800 | E17: =D17/I13 -> 0.20983607 | F17: Shortest road distance; lowest cost route
A18: Mumbai WH → Pune | B18: ='Supply Network Model'!G20 -> 75 | C18: ='Supply Network Model'!G9 -> 290 | D18: =B18*C18 -> 21750 | E18: =D18/I13 -> 0.15846995 | F18: Same WH serves nearby Pune efficiently
A19: Delhi WH → Jaipur | B19: ='Supply Network Model'!C21 -> 60 | C19: ='Supply Network Model'!C10 -> 210 | D19: =B19*C19 -> 12600 | E19: =D19/I13 -> 0.091803279 | F19: Delhi WH natural fit for Jaipur proximity
A20: Delhi WH → Kolkata | B20: ='Supply Network Model'!F21 -> 55 | C20: ='Supply Network Model'!F10 -> 540 | D20: =B20*C20 -> 29700 | E20: =D20/I13 -> 0.21639344 | F20: Delhi WH cost-optimal for eastern corridor
A21: Bangalore WH → Hyderabad | B21: ='Supply Network Model'!D22 -> 70 | C21: ='Supply Network Model'!D11 -> 280 | D21: =B21*C21 -> 19600 | E21: =D21/I13 -> 0.1428051 | F21: Bangalore WH lowest cost to Hyderabad
A22: Bangalore WH → Chennai | B22: ='Supply Network Model'!E22 -> 80 | C22: ='Supply Network Model'!E11 -> 310 | D22: =B22*C22 -> 24800 | E22: =D22/I13 -> 0.18069217 | F22: Bangalore WH dominates South India routes
A24: SENSITIVITY ANALYSIS NOTES
A25: Route / Parameter | B25: Sensitivity Finding
A26: Chennai route (Bangalore WH) | B26: ₹310/unit — most cost-sensitive; a 15% cost rise shifts allocation to Delhi WH
A27: Mumbai WH supply cap (180 units) | B27: Binding constraint — adding 20 units capacity saves est. ₹8,400 additionally
A28: Kolkata route | B28: Highest cost corridor (₹820/unit via Mumbai); Delhi WH allocation is critical
A29: Pune demand spike scenario | B29: If Pune demand rises to 100 units, Mumbai WH remains optimal supplier

Sheet About This Model
A1: ABOUT THIS MODEL
A2: Project Title | B2: Indian Luxury Retail — Supply Network Optimisation
A3: Built by | B3: Dhruv Khanna | MS Business Analytics, Quinnipiac University (GPA 4.0)
A4: Business Problem | B4: A luxury retail brand operates 3 warehouses (Mumbai, Delhi, Bangalore) supplying 6 boutiques across India. The objective is to minimise total distribution cost while ensuring every boutique receives exactly its required stock and no warehouse exceeds its supply capacity.
A5: Methodology | B5: Linear Programming (Transportation Problem) solved using Microsoft Excel Solver. Decision variables: units shipped on each warehouse-boutique route. Objective: minimise SUMPRODUCT(cost matrix, allocation matrix). Constraints: supply caps, demand fulfilment, non-negativity, integer allocation.
A6: Key Result | B6: Solver identified optimal allocation reducing total distribution cost by ~18% vs. a naive unoptimised baseline, while fully serving all 6 boutiques within warehouse capacity limits.
A7: Tools Used | B7: Microsoft Excel — Solver Add-in (Simplex LP), SUMPRODUCT, cross-sheet references
A8: Real-world Relevance | B8: This model mirrors decisions made daily by supply chain teams in retail and luxury goods: which warehouse should fulfil which store, at what volume, to minimise logistics spend while maintaining stock availability.
A9: How to use | B9: 1. Go to 'Supply Network Model' sheet 2. Open Solver (Data → Solver) 3. Set Objective: H25, Min 4. Variable Cells: B20:G22 5. Add constraints as listed in Section E 6. Solve — results auto-populate the Results Dashboard
