Workbook

Sheet Prob 6.1
B1: PLACE YOUR ANSWER HERE
A2: 1.A | B2: =_xlfn.NORM.DIST(55,B6,B7, TRUE) -> 0.022750132
A3: 1.B | B3: =1-(_xlfn.NORM.DIST(80,B6,B7,TRUE)) -> 0.30853754
A4: 1.C | B4: =_xlfn.NORM.INV(0.03,B6,B7) -> 56.192064
A6: Mean | B6: 75
A7: std Dev | B7: 10

Sheet 6.2
B1: PLACE YOUR ANSWER HERE
A2: 2.A | B2: =_xlfn.NORM.DIST(6400,B8,B9,TRUE) -> 0.15865525
A3: 2.B | B3: =_xlfn.NORM.DIST(6800, 7000, 600, TRUE) - _xlfn.NORM.DIST(6200, 7000, 600, TRUE) -> 0.27823012
A4: 2.C | B4: =1 - _xlfn.NORM.DIST(7500, 7000, 600, TRUE) -> 0.20232838
A5: 2.D | B5: =_xlfn.NORM.INV(0.01, 7000, 600) -> 5604.1913 | C5: Lower Value
B6: =_xlfn.NORM.INV(0.99, 7000, 600) -> 8395.8087 | C6: Upper Value
A8: Mean: | B8: 7000
A9: Std. Dev.: | B9: 600

Sheet 6.3
A1: THIS iS A UNIFORM DISTRIBTION PROBLEM! - DO NOT USE THE NORM DIST FUNCTION!
A2: 3.A | B2: =(65-60)/(80-60) -> 0.25
A3: 3.B | B3: =(68-62)/(80-60) -> 0.3
A4: 3.C | B4: =(80 - 70) / (80 - 60) -> 0.5
A12: FOR SOLVING PURPOSES
A13: Given:
A15: Lower bound (a) = 60 minutes
A16: Upper bound (b) = 80 minutes
A18: Formula:
A19: P(X)=x−ab−aP(X) = \frac{x - a}{b - a}P(X)=b−ax−a​
A20: Where:
A21: x is the value you're calculating for,
A22: a is the lower bound,
A23: b is the upper bound.
B25: a= | C25: (65 - 60) / (80 - 60)
B26: b= | C26: (68 - 62) / (80 - 60)
B27: c= | C27: (80 - 70) / (80 - 60)

Sheet 7.1
B1: PLACE YOUR ANSWER HERE
A2: 1.A | B2: =1-(_xlfn.NORM.DIST(103,B9,B10,TRUE)) -> 0.44038231
A3: 1.B | B3: =1-(_xlfn.NORM.DIST(103,100,B12,TRUE)) -> 0.22662735
A4: 1.C | B4: =_xlfn.NORM.DIST(103,B9,B13,TRUE) -> 0.88493033
A5: 1.D | B5: 0
A9: Mean: | B9: 100
A10: Std. Dev.: | B10: 20
A12: Std error | B12: =B10/(SQRT(25)) -> 4
B13: =B10/(SQRT(64)) -> 2.5
B14: =B10/(SQRT(16)) -> 5

Sheet 7.2
F1: PLACE YOUR ANSWER HERE
E2: 1.A | F2: =(_xlfn.NORM.DIST(2.5,F10,F12,TRUE))-(_xlfn.NORM.DIST(2.48,F10,F12,TRUE)) -> 0.4986501
E3: 1.B | F3: =(_xlfn.NORM.DIST(2.47,F10,F12,TRUE)) -> 3.3976731e-06
E4: 1.C | F4: =1-(_xlfn.NORM.DIST(2.51,F10,F12,TRUE)) -> 0.066807201
E5: 1.D | F5: =_xlfn.NORM.INV(0.01,F10,F12) -> 2.484491
E6: 1.E | F6: =_xlfn.NORM.INV(0.005,2.5,F12) -> 2.4828278 | G6: Lower Value
F7: =_xlfn.NORM.INV(0.995,2.5,F12) -> 2.5171722 | G7: Upper Value
E10: Mean | F10: 2.5
E11: std Dev | F11: 0.04
E12: STD Error | F12: =F11/SQRT(36) -> 0.0066666667

Sheet Answer Sheet
A1: Chapter 6 | D1: Chapter 7
A2: 1.A | B2: ='Prob 6.1'!B2 -> 0.022750132 | D2: 7.1.A | E2: ='7.1'!B2 -> 0.44038231
A3: 1.B | B3: ='Prob 6.1'!B3 -> 0.30853754 | D3: 7.1.B | E3: ='7.1'!B3 -> 0.22662735
A4: 1.C | B4: ='Prob 6.1'!B4 -> 56.192064 | D4: 7.1.C | E4: ='7.1'!B4 -> 0.88493033
D5: 7.1.D | E5: ='7.1'!B5 -> 0
A6: 2.A | B6: ='6.2'!B2 -> 0.15865525
A7: 2.B | B7: ='6.2'!B3 -> 0.27823012 | D7: 7.2.A | E7: ='7.2'!F2 -> 0.4986501
A8: 2.C | B8: ='6.2'!B4 -> 0.20232838 | D8: 7.2.B | E8: ='7.2'!F3 -> 3.3976731e-06
A9: 2.D | B9: ='6.2'!B5 -> 5604.1913 | C9: Lower Value | D9: 7.2.C | E9: ='7.2'!F4 -> 0.066807201
B10: ='6.2'!B6 -> 8395.8087 | C10: Upper Value | D10: 7.2.D | E10: ='7.2'!F5 -> 2.484491
D11: 7.2.E | E11: ='7.2'!F6 -> 2.4828278 | F11: Lower Value
A12: 3.A | B12: ='6.3'!B2 -> 0.25 | E12: ='7.2'!F7 -> 2.5171722 | F12: Upper Value
A13: 3.B | B13: ='6.3'!B3 -> 0.3
A14: 3.C | B14: ='6.3'!B4 -> 0.5
