Workbook

Sheet Read First!

Sheet Answer Sheet.
A1: Week 4 Homework
A2: 8.1 | D2: 9.1. Part A | H2: 2. Part A | M2: 9.3. Part A
A3: Part A. | E3: Ho: | F3: ='9.1'!C2 -> u >= 100 | I3: Ho: | J3: ='9.2'!C2 -> pi=0.5 | N3: Ho: | O3: ='9.3'!E3 -> u<=1700
A4: Confidence Interval Lower Bound | B4: ='8.1'!B4 -> 6.7333452 | E4: H1: | F4: ='9.1'!C3 -> u < 100 | I4: H1: | J4: ='9.2'!C3 -> pi<>0.5 | N4: H1: | O4: ='9.3'!E4 -> u>1700
A5: Confidence Interval Upper Bound | B5: ='8.1'!B5 -> 7.7666548 | E5: Is this a Z or t test? | F5: ='9.1'!C4 -> t | I5: Test Statistic | J5: ='9.2'!C4 -> -1.2649111 | N5: Is this a Z or t test? | O5: ='9.3'!E5 -> t
A6: Part B. | E6: Test Statistic Value | F6: ='9.1'!C5 -> 0 | I6: p-value: | J6: ='9.2'!C5 -> 0.20590321 | N6: Test Statistic Value | O6: ='9.3'!E6 -> 2.02946
A7: Confidence Interval Lower Bound | B7: ='8.1'!B7 -> 0.39022184 | E7: p-value: | F7: ='9.1'!C6 -> 0 | I7: Decision | J7: ='9.2'!C6 -> Do Not reject the Null Hypothesis | N7: p-value: | O7: ='9.3'!E7 -> 0.025838622
A8: Confidence Interval Upper Bound | B8: ='8.1'!B8 -> 0.64311149 | E8: Decision | F8: ='9.1'!C7 -> Do Not reject the Null Hypothesis | N8: Decision | O8: ='9.3'!E8 -> Reject the Null Hypothesis
A9: Part C. | E9: State the Decision in terms of the problem | F9: ='9.1'!C8 -> There is evidence to show that the population mean for reibursement was less than $100 | I9: State the Decision in terms of the problem | J9: ='9.2'!C7 -> We failed to show that the proportion of laptop users who use their laptops while watching TV is any different from 50%. | N9: State the Decision in terms of the problem | O9: ='9.3'!E9 -> We fail to prove evidence that the population mean force required to break the insulators is greater than 1,700 pounds
A10: Sample Size | B10: ='8.1'!B10 -> 48
A11: Part D.
A12: Number of Customers | B12: ='8.1'!B12 -> 271 | D12: 9.1 B | H12: B. | I12: Test Statistic | J12: ='9.2'!C10 -> -3.1622777 | M12: Part B | N12: Assumptions:
A13: 2 | E13: Ho: | F13: ='9.1'!C12 -> π <= .1 | I13: p-value: | J13: ='9.2'!C11 -> 0.0015654023 | N13: ='9.3'!D13 -> We need to assume that the data is noramlly distributed
A14: Part A. | E14: H1: | F14: ='9.1'!C13 -> π > .1 | I14: Decision | J14: ='9.2'!C12 -> Reject the Null Hypothesis
A15: Confidence Interval Lower Bound | B15: ='8.2'!B4 -> 28.611048 | E15: Test Statistic Value | F15: ='9.1'!C14 -> 1.6666667
A16: Confidence Interval Upper Bound | B16: ='8.2'!B5 -> 31.388952 | I16: State the Decision in terms of the problem | J16: ='9.2'!C14 -> With 100 users, there is evidence to suggest that the proportion of laptop users who use their laptops while watching TV is different from 50%
A17: Part B. | E17: p-value: | F17: ='9.1'!C15 -> 0.095580705
A18: Confidence Interval Lower Bound | B18: ='8.2'!B7 -> 0.35249302 | E18: Decision | F18: ='9.1'!C16 -> Do Not reject the Null Hypothesis
A19: Confidence Interval Upper Bound | B19: ='8.2'!B8 -> 0.54750698 | E19: State the Decision in terms of the problem | F19: ='9.1'!C17 -> We failed to show that the proportion of incorrect reimbursements was any different from 0.1.
A20: Part C.
A21: Sample Size | B21: ='8.2'!B10 -> 139
A22: Part D. | D22: 9.1 C | E22: Test Statistic Value | F22: ='9.1'!C20 -> -2.5
A23: Number of Customers | B23: ='8.2'!B12 -> 271 | E23: p-value: | F23: ='9.1'!C21 -> 0
A24: 3 | E24: Decision | F24: ='9.1'!C22 -> Reject the Null Hypothesis
A25: Part B. | E25: State the Decision in terms of the problem | F25: ='9.1'!C23 -> we failed to show that the average reimbursement was any different from $100.
A26: Sample Size | B26: ='8.3'!B6 -> 23
A28: Part A. | D28: 9.1 D | E28: p-value: | F28: ='9.1'!C26 -> 0.18242244
A29: Confidence Interval Lower Bound | B29: ='8.3'!B3 -> 102.03982 | E29: Decision | F29: ='9.1'!C27 -> Do Not reject the Null Hypothesis
A30: Confidence Interval Upper Bound | B30: ='8.3'!B4 -> 103.96018 | E30: State the Decision in terms of the problem | F30: ='9.1'!C28 -> we failed to show that the proportion of incorrect reimbursements was any different from 0.1

Sheet 8.1
A2: 8.1
A3: Part A.
A4: Confidence Interval Lower Bound | B4: =B36 -> 6.7333452
A5: Confidence Interval Upper Bound | B5: =B37 -> 7.7666548
A6: Part B.
A7: Confidence Interval Lower Bound | B7: =F35 -> 0.39022184
A8: Confidence Interval Upper Bound | B8: =F36 -> 0.64311149
A9: Part C.
A10: Sample Size | B10: =I33 -> 48
A11: Part D.
A12: Number of Customers | B12: =L33 -> 271
A20: Sample mean | B20: 7.25
A21: Sample Stdev | B21: 2
A22: For A: | E22: For B | H22: For C | K22: For D
A23: Data | E23: Data | H23: Data | K23: Data
A24: Sample Standard Deviation | B24: 2 | E24: Sample Size | F24: 60 | H24: Population Standard Deviation | I24: 1.75 | K24: Estimate of True Proportion | L24: =(31/60) -> 0.51666667
A25: Sample Mean | B25: 7.25 | E25: Number of Successes | F25: 31 | H25: Sampling Error | I25: 0.5 | K25: Sampling Error | L25: 0.05
A26: Sample Size | B26: 60 | E26: Confidence Level | F26: 0.95 | H26: Confidence Level | I26: 0.95 | K26: Confidence Level | L26: 0.9
A27: Confidence Level | B27: 0.95
E28: Intermediate Calculations | H28: Intemediate Calculations | K28: Intermediate Calculations
A29: Intermediate Calculations | E29: Sample Proportion | F29: =F25/F24 -> 0.51666667 | H29: Z Value | I29: =_xlfn.NORM.S.INV((1 - I26)/2) -> -1.959964 | K29: Z Value | L29: =_xlfn.NORM.S.INV((1 - L26)/2) -> -1.6448536
A30: Standard Error of the Mean | B30: =B24/SQRT(B26) -> 0.25819889 | E30: Z Value | F30: =_xlfn.NORM.S.INV((1 - F26)/2) -> -1.959964 | H30: Calculated Sample Size | I30: =((I29 * I24)/I25)^2 -> 47.057871 | K30: Calculated Sample Size | L30: =(L29^2 * L24 * (1 - L24))/L25^2 -> 270.25373
A31: Degrees of Freedom | B31: =B26 - 1 -> 59 | E31: Standard Error of the Proportion | F31: =SQRT(F29 * (1 - F29)/F24) -> 0.064513852
A32: t Value | B32: =_xlfn.T.INV.2T(1-B27, B31) -> 2.0009954 | E32: Interval Half Width | F32: =ABS(F30 * F31) -> 0.12644483 | H32: Result | K32: Result
A33: Interval Half Width | B33: =B32 * B30 -> 0.51665479 | H33: Sample Size Needed | I33: =ROUNDUP(I30, 0) -> 48 | K33: Sample Size Needed | L33: =ROUNDUP(L30, 0) -> 271
E34: Confidence Interval
A35: Confidence Interval | E35: Interval Lower Limit | F35: =F29 - F32 -> 0.39022184
A36: Interval Lower Limit | B36: =B25 - B33 -> 6.7333452 | E36: Interval Upper Limit | F36: =F29 + F32 -> 0.64311149
A37: Interval Upper Limit | B37: =B25 + B33 -> 7.7666548

Sheet 8.2
A2: 2
A3: Part A.
A4: Confidence Interval Lower Bound | B4: =B34 -> 28.611048
A5: Confidence Interval Upper Bound | B5: =B35 -> 31.388952
A6: Part B.
A7: Confidence Interval Lower Bound | B7: =E33 -> 0.35249302
A8: Confidence Interval Upper Bound | B8: =E34 -> 0.54750698
A9: Part C.
A10: Sample Size | B10: =H31 -> 139
A11: Part D.
A12: Number of Customers | B12: =K31 -> 271
A17: Smaple mean | B17: 30
A18: Sample Stdev | B18: 7
A20: For A | D20: For B | G20: For C | J20: For D
A21: Data | D21: Data | G21: Data | J21: Data
A22: Sample Standard Deviation | B22: 7 | D22: Sample Size | E22: 100 | G22: Population Standard Deviation | H22: 12 | J22: Estimate of True Proportion | K22: =0.5 -> 0.5
A23: Sample Mean | B23: 30 | D23: Number of Successes | E23: 45 | G23: Sampling Error | H23: 2 | J23: Sampling Error | K23: 0.05
A24: Sample Size | B24: 100 | D24: Confidence Level | E24: 0.95 | G24: Confidence Level | H24: 0.95 | J24: Confidence Level | K24: 0.9
A25: Confidence Level | B25: 0.95
D26: Intermediate Calculations | G26: Intemediate Calculations | J26: Intermediate Calculations
A27: Intermediate Calculations | D27: Sample Proportion | E27: =E23/E22 -> 0.45 | G27: Z Value | H27: =_xlfn.NORM.S.INV((1 - H24)/2) -> -1.959964 | J27: Z Value | K27: =_xlfn.NORM.S.INV((1 - K24)/2) -> -1.6448536
A28: Standard Error of the Mean | B28: =B22/SQRT(B24) -> 0.7 | D28: Z Value | E28: =_xlfn.NORM.S.INV((1 - E24)/2) -> -1.959964 | G28: Calculated Sample Size | H28: =((H27 * H22)/H23)^2 -> 138.29252 | J28: Calculated Sample Size | K28: =(K27^2 * K22 * (1 - K22))/K23^2 -> 270.55435
A29: Degrees of Freedom | B29: =B24 - 1 -> 99 | D29: Standard Error of the Proportion | E29: =SQRT(E27 * (1 - E27)/E22) -> 0.049749372
A30: t Value | B30: =_xlfn.T.INV.2T(1-B25, B29) -> 1.984217 | D30: Interval Half Width | E30: =ABS(E28 * E29) -> 0.097506977 | G30: Result | J30: Result
A31: Interval Half Width | B31: =B30 * B28 -> 1.3889519 | G31: Sample Size Needed | H31: =ROUNDUP(H28, 0) -> 139 | J31: Sample Size Needed | K31: =ROUNDUP(K28, 0) -> 271
D32: Confidence Interval
A33: Confidence Interval | D33: Interval Lower Limit | E33: =E27 - E30 -> 0.35249302
A34: Interval Lower Limit | B34: =B23 - B31 -> 28.611048 | D34: Interval Upper Limit | E34: =E27 + E30 -> 0.54750698
A35: Interval Upper Limit | B35: =B23 + B31 -> 31.388952

Sheet 8.3
A2: 3. Part A
A3: Confidence Interval Lower Bound | B3: =B26 -> 102.03982
A4: Confidence Interval Upper Bound | B4: =B27 -> 103.96018
A5: Part B.
A6: Sample Size | B6: =E24 -> 23
A10: Sample mean | B10: 103
A11: Pop Stdev | B11: 1.2
A13: For A | D13: For B
A14: Data | D14: Data
A15: Population Standard Deviation | B15: 1.2 | D15: Population Standard Deviation | E15: 1.2
A16: Sample Mean | B16: 103 | D16: Sampling Error | E16: 0.5
A17: Sample Size | B17: 6 | D17: Confidence Level | E17: 0.95
A18: Confidence Level | B18: 0.95
D19: Intemediate Calculations
A20: Intermediate Calculations | D20: Z Value | E20: =_xlfn.NORM.S.INV((1 - E17)/2) -> -1.959964
A21: Standard Error of the Mean | B21: =B15/SQRT(B17) -> 0.48989795 | D21: Calculated Sample Size | E21: =((E20 * E15)/E16)^2 -> 22.126803
A22: Z Value | B22: =_xlfn.NORM.S.INV((1 - B18)/2) -> -1.959964
A23: Interval Half Width | B23: =_xlfn.CONFIDENCE.NORM(1-B18, B15, B17) -> 0.96018234 | D23: Result
D24: Sample Size Needed | E24: =ROUNDUP(E21, 0) -> 23
A25: Confidence Interval
A26: Interval Lower Limit | B26: =B16 - B23 -> 102.03982
A27: Interval Upper Limit | B27: =B16 + B23 -> 103.96018

Sheet 9.1
A1: 9.1. Part A
B2: Ho: | C2: u >= 100
B3: H1: | C3: u < 100
B4: Is this a Z or t test? | C4: t
B5: Test Statistic Value | C5: =D44 -> 0
B6: p-value: | C6: =D49 -> 0
B7: Decision | C7: Do Not reject the Null Hypothesis
B8: State the Decision in terms of the problem | C8: There is evidence to show that the population mean for reibursement was less than $100
A11: 9.1 B
B12: Ho: | C12: π <= .1
B13: H1: | C13: π > .1
B14: Test Statistic Value | C14: =H29 -> 1.6666667
B15: p-value: | C15: =H34 -> 0.095580705
B16: Decision | C16: Do Not reject the Null Hypothesis
B17: State the Decision in terms of the problem | C17: We failed to show that the proportion of incorrect reimbursements was any different from 0.1.
E19: For A | G19: For B | I19: For C | K19: For D
A20: 9.1 C | B20: Test Statistic Value | C20: =J30 -> -2.5 | E20: Data | G20: Data | I20: Data | K20: Data
B21: p-value: | C21: =J35 -> 0 | E21: Null Hypothesis m= | F21: 100 | G21: Null Hypothesis p= | H21: 0.1 | I21: Null Hypothesis m= | J21: 100 | K21: Null Hypothesis p= | L21: 0.1
B22: Decision | C22: Reject the Null Hypothesis | E22: Level of Significance | F22: 0.05 | G22: Level of Significance | H22: 0.05 | I22: Level of Significance | J22: 0.05 | K22: Level of Significance | L22: 0.05
B23: State the Decision in terms of the problem | C23: we failed to show that the average reimbursement was any different from $100. | E23: Sample Size | F23: 100 | G23: Number of Items of Interest | H23: 15 | I23: Sample Size | J23: 100 | K23: Number of Items of Interest | L23: 14
E24: Sample Mean | F24: 97 | G24: Sample Size | H24: 100 | I24: Sample Mean | J24: 95 | K24: Sample Size | L24: 100
E25: Sample Standard Deviation | F25: 20 | I25: Sample Standard Deviation | J25: 20
A26: 9.1 D | B26: p-value: | C26: =L34 -> 0.18242244 | G26: Intermediate Calculations | K26: Intermediate Calculations
B27: Decision | C27: Do Not reject the Null Hypothesis | E27: Intermediate Calculations | G27: Sample Proportion | H27: =H23/H24 -> 0.15 | I27: Intermediate Calculations | K27: Sample Proportion | L27: =L23/L24 -> 0.14
B28: State the Decision in terms of the problem | C28: we failed to show that the proportion of incorrect reimbursements was any different from 0.1 | E28: Standard Error of the Mean | F28: =F25/SQRT(F23) -> 2 | G28: Standard Error | H28: =SQRT(H21 * (1 - H21)/H24) -> 0.03 | I28: Standard Error of the Mean | J28: =J25/SQRT(J23) -> 2 | K28: Standard Error | L28: =SQRT(L21 * (1 - L21)/L24) -> 0.03
E29: Degrees of Freedom | F29: =F23 - 1 -> 99 | G29: Z Test Statistic | H29: =(H27 - H21)/H28 -> 1.6666667 | I29: Degrees of Freedom | J29: =J23 - 1 -> 99 | K29: Z Test Statistic | L29: =(L27 - L21)/L28 -> 1.3333333
E30: t Test Statistic | F30: =(F24 - F21)/F28 -> -1.5 | I30: t Test Statistic | J30: =(J24 - J21)/J28 -> -2.5
G31: Two-Tail Test | K31: Two-Tail Test
E32: Lower-Tail Test | G32: Lower Critical Value | H32: =_xlfn.NORM.S.INV(H22/2) -> -1.959964 | I32: Lower-Tail Test | K32: Lower Critical Value | L32: =_xlfn.NORM.S.INV(L22/2) -> -1.959964
E33: Lower Critical Value | F33: =-_xlfn.T.INV.2T(2*F22, F29) -> -1.6603912 | G33: Upper Critical value | H33: =_xlfn.NORM.S.INV(1 - H22/2) -> 1.959964 | I33: Lower Critical Value | J33: =-_xlfn.T.INV.2T(2*J22, J29) -> -1.6603912 | K33: Upper Critical value | L33: =_xlfn.NORM.S.INV(1 - L22/2) -> 1.959964
E34: p-Value | F34: =IF(F30 < 0, F37, F38) -> 0.068398409 | G34: p-Value | H34: =2 * (1 - _xlfn.NORM.S.DIST(ABS(H29), TRUE)) -> 0.095580705 | I34: p-Value | J34: =IF(J30 < 0, J37, J38) -> 0.0070312985 | K34: p-Value | L34: =2 * (1 - _xlfn.NORM.S.DIST(ABS(L29), TRUE)) -> 0.18242244
E35: =IF(F34 < F22,"Reject the null hypothesis", "Do not reject the null hypothesis") -> Do not reject the null hypothesis | G35: =IF(H34 < H22,"Reject the null hypothesis", "Do not reject the null hypothesis") -> Do not reject the null hypothesis | I35: =IF(J34 < J22,"Reject the null hypothesis", "Do not reject the null hypothesis") -> Reject the null hypothesis | K35: =IF(L34 < L22,"Reject the null hypothesis", "Do not reject the null hypothesis") -> Do not reject the null hypothesis
E36: One-Tail Calculations | I36: One-Tail Calculations
E37: T.DIST.RT value | F37: =_xlfn.T.DIST.RT(ABS(F30), F29) -> 0.068398409 | I37: T.DIST.RT value | J37: =_xlfn.T.DIST.RT(ABS(J30), J29) -> 0.0070312985
E38: 1-T.DIST.RT value | F38: =1 - F37 -> 0.93160159 | I38: 1-T.DIST.RT value | J38: =1 - J37 -> 0.9929687

Sheet 9.2
A2: 2. Part A | B2: Ho: | C2: pi=0.5
B3: H1: | C3: pi<>0.5
B4: Test Statistic | C4: =F23 -> -1.2649111
B5: p-value: | C5: =F28 -> 0.20590321
B6: Decision | C6: Do Not reject the Null Hypothesis
B7: State the Decision in terms of the problem | C7: We failed to show that the proportion of laptop users who use their laptops while watching TV is any different from 50%.
A10: B. | B10: Test Statistic | C10: =H23 -> -3.1622777
B11: p-value: | C11: =H28 -> 0.0015654023
B12: Decision | C12: Reject the Null Hypothesis
E13: For A | G13: For B
B14: State the Decision in terms of the problem | C14: With 100 users, there is evidence to suggest that the proportion of laptop users who use their laptops while watching TV is different from 50% | E14: Data | G14: Data
E15: Null Hypothesis p= | F15: 0.5 | G15: Null Hypothesis p= | H15: 0.5
E16: Level of Significance | F16: 0.05 | G16: Level of Significance | H16: 0.05
E17: Number of Items of Interest | F17: 115 | G17: Number of Items of Interest | H17: 100
E18: Sample Size | F18: 250 | G18: Sample Size | H18: 250
E20: Intermediate Calculations | G20: Intermediate Calculations
E21: Sample Proportion | F21: =F17/F18 -> 0.46 | G21: Sample Proportion | H21: =H17/H18 -> 0.4
E22: Standard Error | F22: =SQRT(F15 * (1 - F15)/F18) -> 0.031622777 | G22: Standard Error | H22: =SQRT(H15 * (1 - H15)/H18) -> 0.031622777
E23: Z Test Statistic | F23: =(F21 - F15)/F22 -> -1.2649111 | G23: Z Test Statistic | H23: =(H21 - H15)/H22 -> -3.1622777
E25: Two-Tail Test | G25: Two-Tail Test
E26: Lower Critical Value | F26: =_xlfn.NORM.S.INV(F16/2) -> -1.959964 | G26: Lower Critical Value | H26: =_xlfn.NORM.S.INV(H16/2) -> -1.959964
E27: Upper Critical value | F27: =_xlfn.NORM.S.INV(1 - F16/2) -> 1.959964 | G27: Upper Critical value | H27: =_xlfn.NORM.S.INV(1 - H16/2) -> 1.959964
E28: p-Value | F28: =2 * (1 - _xlfn.NORM.S.DIST(ABS(F23), TRUE)) -> 0.20590321 | G28: p-Value | H28: =2 * (1 - _xlfn.NORM.S.DIST(ABS(H23), TRUE)) -> 0.0015654023
E29: =IF(F28 < F16,"Reject the null hypothesis", "Do not reject the null hypothesis") -> Do not reject the null hypothesis | G29: =IF(H28 < H16,"Reject the null hypothesis", "Do not reject the null hypothesis") -> Reject the null hypothesis

Sheet 9.3
A1: Force
A2: 1870 | C2: 9.3. Part A
A3: 1728 | D3: Ho: | E3: u<=1700
A4: 1656 | D4: H1: | E4: u>1700
A5: 1610 | D5: Is this a Z or t test? | E5: t
A6: 1634 | D6: Test Statistic Value | E6: =H32 -> 2.02946
A7: 1784 | D7: p-value: | E7: =H36 -> 0.025838622
A8: 1522 | D8: Decision | E8: Reject the Null Hypothesis
A9: 1696 | D9: State the Decision in terms of the problem | E9: We fail to prove evidence that the population mean force required to break the insulators is greater than 1,700 pounds
A10: 1595
A11: 1662
A12: 1866 | C12: Part B | D12: Assumptions: | I12: mean | J12: =AVERAGE(A2:A31) -> 1730.9667
A13: 1764 | D13: We need to assume that the data is noramlly distributed | I13: Stdev | J13: =_xlfn.STDEV.S(A2:A31) -> 83.574655
A14: 1734
A15: 1662
A16: 1734 | C16: Part C.
A17: 1774
A18: 1774
A19: 1756
A20: 1762 | G20: For A
A21: 1866
A22: 1820 | G22: Data
A23: 1744 | G23: Null Hypothesis m= | H23: 1700
A24: 1788 | G24: Level of Significance | H24: 0.05
A25: 1688 | G25: Sample Size | H25: 30
A26: 1810 | G26: Sample Mean | H26: =J12 -> 1730.9667
A27: 1752 | G27: Sample Standard Deviation | H27: =_xlfn.STDEV.S(A2:A31) -> 83.574655
A28: 1680
A29: 1810 | G29: Intermediate Calculations | J29: One-Tail Calculations
A30: 1652 | G30: Standard Error of the Mean | H30: =H27/SQRT(H25) -> 15.258575 | J30: T.DIST.RT value | K30: =_xlfn.T.DIST.RT(ABS(H32), H31) -> 0.025838622
A31: 1736 | G31: Degrees of Freedom | H31: =H25 - 1 -> 29 | J31: 1-T.DIST.RT value | K31: =1 - K30 -> 0.97416138
G32: t Test Statistic | H32: =(H26 - H23)/H30 -> 2.02946
G34: Upper-Tail Test
G35: Upper Critical Value | H35: =_xlfn.T.INV.2T(2 * H24,H31) -> 1.699127
G36: p-Value | H36: =IF(H32 < 0, K31, K30) -> 0.025838622
G37: =IF(H36 < H24,"Reject the null hypothesis", "Do not reject the null hypothesis") -> Reject the null hypothesis

Sheet CIE Mean Sigma Known
A1: Confidence Estimate for the Mean
A3: Data
A4: Population Standard Deviation | B4: 0.02
A5: Sample Mean | B5: 10.998
A6: Sample Size | B6: 100
A7: Confidence Level | B7: 0.95
A9: Intermediate Calculations
A10: Standard Error of the Mean | B10: =B4/SQRT(B6) -> 0.002
A11: Z Value | B11: =_xlfn.NORM.S.INV((1 - B7)/2) -> -1.959964
A12: Interval Half Width | B12: =_xlfn.CONFIDENCE.NORM(1-B7, B4, B6) -> 0.003919928
A14: Confidence Interval
A15: Interval Lower Limit | B15: =B5 - B12 -> 10.99408
A16: Interval Upper Limit | B16: =B5 + B12 -> 11.00192

Sheet CIE Sigma Unknown
A1: Estimate for the Mean Sales Invoice Amount
A3: Data
A4: Sample Standard Deviation | B4: 28.95
A5: Sample Mean | B5: 110.27
A6: Sample Size | B6: 100
A7: Confidence Level | B7: 0.95
A9: Intermediate Calculations
A10: Standard Error of the Mean | B10: =B4/SQRT(B6) -> 2.895
A11: Degrees of Freedom | B11: =B6 - 1 -> 99
A12: t Value | B12: =_xlfn.T.INV.2T(1-B7, B11) -> 1.984217
A13: Interval Half Width | B13: =B12 * B10 -> 5.7443081
A15: Confidence Interval
A16: Interval Lower Limit | B16: =B5 - B13 -> 104.52569
A17: Interval Upper Limit | B17: =B5 + B13 -> 116.01431

Sheet CIE Prop.
A1: Proportion of In-Error Sales Invoices
A3: Data
A4: Sample Size | B4: 100
A5: Number of Successes | B5: 10
A6: Confidence Level | B6: 0.95
A8: Intermediate Calculations
A9: Sample Proportion | B9: =B5/B4 -> 0.1
A10: Z Value | B10: =_xlfn.NORM.S.INV((1 - B6)/2) -> -1.959964
A11: Standard Error of the Proportion | B11: =SQRT(B9 * (1 - B9)/B4) -> 0.03
A12: Interval Half Width | B12: =ABS(B10 * B11) -> 0.05879892
A14: Confidence Interval
A15: Interval Lower Limit | B15: =B9 - B12 -> 0.04120108
A16: Interval Upper Limit | B16: =B9 + B12 -> 0.15879892

Sheet n mean
A1: For the Mean Sales Invoice Amount
A3: Data
A4: Population Standard Deviation | B4: 25
A5: Sampling Error | B5: 5
A6: Confidence Level | B6: 0.95
A8: Intemediate Calculations
A9: Z Value | B9: =_xlfn.NORM.S.INV((1 - B6)/2) -> -1.959964
A10: Calculated Sample Size | B10: =((B9 * B4)/B5)^2 -> 96.036471
A12: Result
A13: Sample Size Needed | B13: =ROUNDUP(B10, 0) -> 97

Sheet n prop
A1: For the Proportion of In-Error Sales Invoices
A3: Data
A4: Estimate of True Proportion | B4: 0.15
A5: Sampling Error | B5: 0.07
A6: Confidence Level | B6: 0.95
A8: Intermediate Calculations
A9: Z Value | B9: =_xlfn.NORM.S.INV((1 - B6)/2) -> -1.959964
A10: Calculated Sample Size | B10: =(B9^2 * B4 * (1 - B4))/B5^2 -> 99.956326
A12: Result
A13: Sample Size Needed | B13: =ROUNDUP(B10, 0) -> 100

Sheet Ztest for Mean
A1: Z Test for the Mean
A3: Data
A4: Null Hypothesis m = | B4: 368
A5: Level of Significance | B5: 0.05
A6: Population Standard Deviation | B6: 15
A7: Sample Size | B7: 25
A8: Sample Mean | B8: 372.5
A10: Intermediate Calculations
A11: Standard Error of the Mean | B11: =B6/SQRT(B7) -> 3
A12: Z Test Statistic | B12: =(B8 - B4)/B11 -> 1.5
A14: Two-Tail Test
A15: Lower Critical Value | B15: =_xlfn.NORM.S.INV(B5/2) -> -1.959964
A16: Upper Critical Value | B16: =_xlfn.NORM.S.INV(1-B5/2) -> 1.959964
A17: p-Value | B17: =2 * (1 - _xlfn.NORM.S.DIST(ABS(B12),TRUE)) -> 0.1336144
A18: =IF(B17<$B$5,"Reject the null hypothesis","Do not reject the null hypothesis") -> Do not reject the null hypothesis

Sheet ZTest Mean UPPER
A1: Z Test for the Mean
A3: Data
A4: Null Hypothesis m <= | B4: 368
A5: Level of Significance | B5: 0.05
A6: Population Standard Deviation | B6: 15
A7: Sample Size | B7: 25
A8: Sample Mean | B8: 372.5
A10: Intermediate Calculations
A11: Standard Error of the Mean | B11: =B6/SQRT(B7) -> 3
A12: Z Test Statistic | B12: =(B8 - B4)/B11 -> 1.5
A14: Upper-Tail Test
A15: Upper Critical Value | B15: =_xlfn.NORM.S.INV(1-B5) -> 1.6448536
A16: p-Value | B16: =1-_xlfn.NORM.S.DIST(B12, TRUE) -> 0.066807201
A17: =IF(B16<$B$5,"Reject the null hypothesis","Do not reject the null hypothesis") -> Do not reject the null hypothesis

Sheet Ztest Mean Lower
A1: Z Test for the Mean
A3: Data
A4: Null Hypothesis m >= | B4: 368
A5: Level of Significance | B5: 0.05
A6: Population Standard Deviation | B6: 15
A7: Sample Size | B7: 25
A8: Sample Mean | B8: 372.5
A10: Intermediate Calculations
A11: Standard Error of the Mean | B11: =B6/SQRT(B7) -> 3
A12: Z Test Statistic | B12: =(B8 - B4)/B11 -> 1.5
A14: Lower-Tail Test
A15: Lower Critical Value | B15: =_xlfn.NORM.S.INV(B5) -> -1.6448536
A16: p-Value | B16: =_xlfn.NORM.S.DIST(B12, TRUE) -> 0.9331928
A17: =IF(B16<$B$5,"Reject the null hypothesis","Do not reject the null hypothesis") -> Do not reject the null hypothesis

Sheet Ttest Mean
A1: t Test for the Hypothesis of the Mean
A3: Data
A4: Null Hypothesis m= | B4: 120
A5: Level of Significance | B5: 0.05
A6: Sample Size | B6: 12
A7: Sample Mean | B7: 112.85
A8: Sample Standard Deviation | B8: 20.8
A10: Intermediate Calculations
A11: Standard Error of the Mean | B11: =B8/SQRT(B6) -> 6.0044428
A12: Degrees of Freedom | B12: =B6 - 1 -> 11
A13: t Test Statistic | B13: =(B7 - B4)/B11 -> -1.1907849
A15: Two-Tail Test
A16: Lower Critical Value | B16: =-_xlfn.T.INV.2T(B5, B12) -> -2.2009852
A17: Upper Critical Value | B17: =_xlfn.T.INV.2T(B5, B12) -> 2.2009852
A18: p-Value | B18: =_xlfn.T.DIST.2T(ABS(B13), B12) -> 0.25880034
A19: =IF(B18 < B5,"Reject the null hypothesis","Do not reject the null hypothesis") -> Do not reject the null hypothesis

Sheet TTest Mean Upper
A1: t Test for the Hypothesis of the Mean
A3: Data
A4: Null Hypothesis m= | B4: 158.77
A5: Level of Significance | B5: 0.05
A6: Sample Size | B6: 25
A7: Sample Mean | B7: 147.5
A8: Sample Standard Deviation | B8: 20
A10: Intermediate Calculations | D10: One-Tail Calculations
A11: Standard Error of the Mean | B11: =B8/SQRT(B6) -> 4 | D11: T.DIST.RT value | E11: =_xlfn.T.DIST.RT(ABS(B13), B12) -> 0.0047666357
A12: Degrees of Freedom | B12: =B6 - 1 -> 24 | D12: 1-T.DIST.RT value | E12: =1 - E11 -> 0.99523336
A13: t Test Statistic | B13: =(B7 - B4)/B11 -> -2.8175
A15: Upper-Tail Test
A16: Upper Critical Value | B16: =_xlfn.T.INV.2T(2 * B5,B12) -> 1.7108821
A17: p-Value | B17: =IF(B13 < 0, E12, E11) -> 0.99523336
A18: =IF(B17 < B5,"Reject the null hypothesis", "Do not reject the null hypothesis") -> Do not reject the null hypothesis

Sheet Ttest Mean Lower
A1: t Test for the Hypothesis of the Mean
A3: Data
A4: Null Hypothesis m= | B4: 189.49
A5: Level of Significance | B5: 0.05
A6: Sample Size | B6: 25
A7: Sample Mean | B7: 175.8
A8: Sample Standard Deviation | B8: 21.3
A10: Intermediate Calculations | D10: One-Tail Calculations
A11: Standard Error of the Mean | B11: =B8/SQRT(B6) -> 4.26 | D11: T.DIST.RT value | E11: =_xlfn.T.DIST.RT(ABS(B13), B12) -> 0.0018580441
A12: Degrees of Freedom | B12: =B6 - 1 -> 24 | D12: 1-T.DIST.RT value | E12: =1 - E11 -> 0.99814196
A13: t Test Statistic | B13: =(B7 - B4)/B11 -> -3.213615
A15: Lower-Tail Test
A16: Lower Critical Value | B16: =-_xlfn.T.INV.2T(2*B5, B12) -> -1.7108821
A17: p-Value | B17: =IF(B13 < 0, E11, E12) -> 0.0018580441
A18: =IF(B17 < B5,"Reject the null hypothesis", "Do not reject the null hypothesis") -> Reject the null hypothesis

Sheet Ztest for Prop.
A1: Z Test of Hypothesis for the Proportion
A3: Data
A4: Null Hypothesis p= | B4: 0.8
A5: Level of Significance | B5: 0.05
A6: Number of Items of Interest | B6: 681
A7: Sample Size | B7: 792
A9: Intermediate Calculations
A10: Sample Proportion | B10: =B6/B7 -> 0.85984848
A11: Standard Error | B11: =SQRT(B4 * (1 - B4)/B7) -> 0.014213381
A12: Z Test Statistic | B12: =(B10 - B4)/B11 -> 4.2107141
A14: Two-Tail Test
A15: Lower Critical Value | B15: =_xlfn.NORM.S.INV(B5/2) -> -1.959964
A16: Upper Critical value | B16: =_xlfn.NORM.S.INV(1 - B5/2) -> 1.959964
A17: p-Value | B17: =2 * (1 - _xlfn.NORM.S.DIST(ABS(B12), TRUE)) -> 2.5456469e-05
A18: =IF(B17 < B5,"Reject the null hypothesis", "Do not reject the null hypothesis") -> Reject the null hypothesis

Sheet Ztest Prop Upper
A1: Z Test of Hypothesis for the Proportion
A3: Data
A4: Null Hypothesis p= | B4: 0.8
A5: Level of Significance | B5: 0.05
A6: Number of Items of Interest | B6: 681
A7: Sample Size | B7: 792
A9: Intermediate Calculations
A10: Sample Proportion | B10: =B6/B7 -> 0.85984848
A11: Standard Error | B11: =SQRT(B4 * (1 - B4)/B7) -> 0.014213381
A12: Z Test Statistic | B12: =(B10 - B4)/B11 -> 4.2107141
A14: Upper-Tail Test
A15: Upper Critical Value | B15: =_xlfn.NORM.S.INV(1-B5) -> 1.6448536
A16: p-Value | B16: =1-_xlfn.NORM.S.DIST(B12, TRUE) -> 1.2728234e-05
A17: =IF(B16 < B5, "Reject the null hypothesis","Do not reject the null hypothesis") -> Reject the null hypothesis

Sheet Ztest Prop Lower
A1: Z Test of Hypothesis for the Proportion
A3: Data
A4: Null Hypothesis p= | B4: 0.8
A5: Level of Significance | B5: 0.05
A6: Number of Items of Interest | B6: 681
A7: Sample Size | B7: 792
A9: Intermediate Calculations
A10: Sample Proportion | B10: =B6/B7 -> 0.85984848
A11: Standard Error | B11: =SQRT(B4 * (1 - B4)/B7) -> 0.014213381
A12: Z Test Statistic | B12: =(B10 - B4)/B11 -> 4.2107141
A14: Lower-Tail Test
A15: Lower Critical Value | B15: =_xlfn.NORM.S.INV(B5) -> -1.6448536
A16: p-Value | B16: =_xlfn.NORM.S.DIST(B12, TRUE) -> 0.99998727
A17: =IF(B16 < B5, "Reject the null hypothesis","Do not reject the null hypothesis") -> Do not reject the null hypothesis
