Workbook

Sheet Example 1
A1: Contigency Table
B2: Hand Preference
A3: Gender | B3: Left | C3: Right | D3: Total
A4: Female | B4: 12 | C4: 108 | D4: =SUM(B4:C4) -> 120
A5: Male | B5: 24 | C5: 156 | D5: =SUM(B5:C5) -> 180
A6: Total | B6: =SUM(B4:B5) -> 36 | C6: =SUM(C4:C5) -> 264 | D6: =SUM(B6:C6) -> 300

Sheet ChiSquare2x2
A1: Chi-Square Test
A3: Observed Frequencies | E3: Calculations
B4: Hotel | E4: fo - fe
A5: Choose Again? | B5: Left | C5: Right | D5: Total | E5: =B6 - B13 -> -2.4 | F5: =C6 - C13 -> 2.4
A6: Female | B6: 12 | C6: 108 | D6: =SUM(B6:C6) -> 120 | E6: =B7 - B14 -> 2.4 | F6: =C7 - C14 -> -2.4
A7: Male | B7: 24 | C7: 156 | D7: =SUM(B7:C7) -> 180
A8: Total | B8: =SUM(B6:B7) -> 36 | C8: =SUM(C6:C7) -> 264 | D8: =SUM(B8:C8) -> 300
A10: Expected Frequencies
B11: =B4 -> Hotel | E11: (fo - fe)^2/fe
A12: =A5 -> Choose Again? | B12: =B5 -> Left | C12: =C5 -> Right | D12: Total | E12: =E5^2/B13 -> 0.4 | F12: =F5^2/C13 -> 0.054545455
A13: =A6 -> Female | B13: =$D6 * B$8/$D$8 -> 14.4 | C13: =$D6 * C$8/$D$8 -> 105.6 | D13: =SUM(B13:C13) -> 120 | E13: =E6^2/B14 -> 0.26666667 | F13: =F6^2/C14 -> 0.036363636
A14: =A7 -> Male | B14: =$D7 * B$8/$D$8 -> 21.6 | C14: =$D7 * C$8/$D$8 -> 158.4 | D14: =SUM(B14:C14) -> 180
A15: Total | B15: =SUM(B13:B14) -> 36 | C15: =SUM(C13:C14) -> 264 | D15: =SUM(B15:C15) -> 300
A17: Data
A18: Level of Significance | B18: 0.05
A19: Number of Rows | B19: 2
A20: Number of Columns | B20: 2
A21: Degrees of Freedom | B21: =(B19 - 1) * (B20 - 1) -> 1
A23: Results
A24: Critical Value | B24: =_xlfn.CHISQ.INV.RT(B18, B21) -> 3.8414588
A25: Chi-Square Test Statistic | B25: =SUM(E12:F13) -> 0.75757576
A26: p-Value | B26: =_xlfn.CHISQ.DIST.RT(B25, B21) -> 0.38408825
A27: =IF(B26 < B18, "Reject the null hypothesis", "Do not reject the null hypothesis") -> Do not reject the null hypothesis
A29: Expected frequency assumption
A30: =IF(OR(B13<1, C13<1, B14<1, C14<1), " is violated.", " is met.") -> is met.

Sheet Example 2
A1: Contigency Table
B2: Hand Preference
A3: Opinion | B3: Admin | C3: Students | D3: Faculty | E3: Total
A4: Favor | B4: 63 | C4: 20 | D4: 37 | E4: =SUM(B4:D4) -> 120
A5: Oppose | B5: 37 | C5: 30 | D5: 13 | E5: =SUM(B5:D5) -> 80
A6: Total | B6: =SUM(B4:B5) -> 100 | C6: =SUM(C4:C5) -> 50 | D6: =SUM(D4:D5) -> 50 | E6: =SUM(B6:D6) -> 200

Sheet ChiSquare2x3
A1: Chi-Square Test
A3: Observed Frequencies
B4: Hotel | G4: Calculations
A5: Opinion | B5: Admin | C5: Students | D5: Faculty | E5: Total | G5: fo - fe
A6: Favor | B6: 63 | C6: 20 | D6: 37 | E6: =SUM(B6:D6) -> 120 | G6: =B6 - B13 -> 3 | H6: =C6 - C13 -> -10 | I6: =D6 - D13 -> 7
A7: Oppose | B7: 37 | C7: 30 | D7: 13 | E7: =SUM(B7:D7) -> 80 | G7: =B7 - B14 -> -3 | H7: =C7 - C14 -> 10 | I7: =D7 - D14 -> -7
A8: Total | B8: =SUM(B6:B7) -> 100 | C8: =SUM(C6:C7) -> 50 | D8: =SUM(D6:D7) -> 50 | E8: =SUM(B8:D8) -> 200
A10: Expected Frequencies
B11: =B4 -> Hotel
A12: =A5 -> Opinion | B12: =B5 -> Admin | C12: =C5 -> Students | D12: =D5 -> Faculty | E12: Total | G12: (fo - fe)^2/fe
A13: =A6 -> Favor | B13: =$E6 * B$8/$E$8 -> 60 | C13: =$E6 * C$8/$E$8 -> 30 | D13: =$E6 * D$8/$E$8 -> 30 | E13: =SUM(B13:D13) -> 120 | G13: =G6^2/B13 -> 0.15 | H13: =H6^2/C13 -> 3.3333333 | I13: =I6^2/D13 -> 1.6333333
A14: =A7 -> Oppose | B14: =$E7 * B$8/$E$8 -> 40 | C14: =$E7 * C$8/$E$8 -> 20 | D14: =$E7 * D$8/$E$8 -> 20 | E14: =SUM(B14:D14) -> 80 | G14: =G7^2/B14 -> 0.225 | H14: =H7^2/C14 -> 5 | I14: =I7^2/D14 -> 2.45
A15: Total | B15: =SUM(B13:B14) -> 100 | C15: =SUM(C13:C14) -> 50 | D15: =SUM(D13:D14) -> 50 | E15: =SUM(B15:D15) -> 200
A17: Data
A18: Level of Significance | B18: 0.05
A19: Number of Rows | B19: 2
A20: Number of Columns | B20: 3
A21: Degrees of Freedom | B21: =(B19 - 1) * (B20 - 1) -> 2
A23: Results
A24: Critical Value | B24: =_xlfn.CHISQ.INV.RT(B18, B21) -> 5.9914645
A25: Chi-Square Test Statistic | B25: =SUM(G13:I14) -> 12.791667
A26: p-Value | B26: =_xlfn.CHISQ.DIST.RT(B25, B21) -> 0.0016684949
A27: =IF(B26 < B18, "Reject the null hypothesis", "Do not reject the null hypothesis") -> Reject the null hypothesis
A29: Expected frequency assumption
A30: =IF(OR(B13<1, C13<1, D13<1, B14<1, C14<1, D14<1), " is violated.", " is met.") -> is met.

Sheet Marascuilo2x3
A1: Marascuilo Procedure for Guest Satisfaction Analysis
A3: Level of Significance | B3: =ChiSquare2x3!B18 -> 0.05
A4: Square Root of Critical Value | B4: =SQRT(ChiSquare2x3!B24) -> 2.4477468
A6: Group Sample Proportions
A7: ="1: " & ChiSquare2x3!B5 -> 1: Admin | B7: =ChiSquare2x3!B6/ChiSquare2x3!B8 -> 0.63
A8: ="2: " & ChiSquare2x3!C5 -> 2: Students | B8: =ChiSquare2x3!C6/ChiSquare2x3!C8 -> 0.4
A9: ="3: " & ChiSquare2x3!D5 -> 3: Faculty | B9: =ChiSquare2x3!D6/ChiSquare2x3!D8 -> 0.74
A11: MARASCUILO TABLE
A12: Proportions | B12: Absolute Differences | C12: Critical Range
A13: | Group 1 - Group 2 | | B13: =ABS(B7 - B8) -> 0.23 | C13: =B4 * SQRT(B7 * (1 - B7)/ChiSquare2x3!B8 + B8 * (1 - B8)/ChiSquare2x3!C8) -> 0.20670059 | D13: =IF(B13 > C13, "Significant", "Not significant") -> Significant
A14: | Group 1 - Group 3 | | B14: =ABS(B7 - B9) -> 0.11 | C14: =B4 * SQRT(B7 * (1 - B7)/ChiSquare2x3!B8 + B9 * (1 - B9)/ChiSquare2x3!D8) -> 0.19240909 | D14: =IF(B14 > C14, "Significant", "Not significant") -> Not significant
A16: | Group 2 - Group 3 | | B16: =ABS(B8 - B9) -> 0.34 | C16: =B4 * SQRT(B8 * (1 - B8)/ChiSquare2x3!C8 + B9 * (1 - B9)/ChiSquare2x3!D8) -> 0.22762729 | D16: =IF(B16 > C16, "Significant", "Not significant") -> Significant

Sheet Example 3
A1: Contigency Table
B2: Hand Preference
A3: Class | B3: Admin | C3: Students | D3: Faculty | E3: Total
A4: Fresh | B4: 24 | C4: 32 | D4: 14 | E4: =SUM(B4:D4) -> 70
A5: Soph | B5: 22 | C5: 26 | D5: 12 | E5: =SUM(B5:D5) -> 60
A6: Junior | B6: 10 | C6: 14 | D6: 6 | E6: =SUM(B6:D6) -> 30
A7: Senior | B7: 14 | C7: 16 | D7: 10 | E7: =SUM(B7:D7) -> 40
A8: Total | B8: =SUM(B4:B7) -> 70 | C8: =SUM(C4:C7) -> 88 | D8: =SUM(D4:D7) -> 42 | E8: =SUM(B8:D8) -> 200

Sheet ChiSquare4x3
A1: Chi-Square Test of Independence
A3: Observed Frequencies
B4: Hotel | G4: Calculations
A5: Class | B5: Admin | C5: Students | D5: Faculty | E5: Total | G5: fo - fe
A6: Fresh | B6: 24 | C6: 32 | D6: 14 | E6: =SUM(B6:D6) -> 70 | G6: =B6 - B15 -> -0.5 | H6: =C6 - C15 -> 1.2 | I6: =D6 - D15 -> -0.7
A7: Soph | B7: 22 | C7: 26 | D7: 12 | E7: =SUM(B7:D7) -> 60 | G7: =B7 - B16 -> 1 | H7: =C7 - C16 -> -0.4 | I7: =D7 - D16 -> -0.6
A8: Junior | B8: 10 | C8: 14 | D8: 6 | E8: =SUM(B8:D8) -> 30 | G8: =B8 - B17 -> -0.5 | H8: =C8 - C17 -> 0.8 | I8: =D8 - D17 -> -0.3
A9: Senior | B9: 14 | C9: 16 | D9: 10 | E9: =SUM(B9:D9) -> 40 | G9: =B9 - B18 -> 0 | H9: =C9 - C18 -> -1.6 | I9: =D9 - D18 -> 1.6
A10: Total | B10: =SUM(B6:B9) -> 70 | C10: =SUM(C6:C9) -> 88 | D10: =SUM(D6:D9) -> 42 | E10: =SUM(B10:D10) -> 200
A12: Expected Frequencies
B13: =B4 -> Hotel
A14: =A5 -> Class | B14: =B5 -> Admin | C14: =C5 -> Students | D14: =D5 -> Faculty | E14: Total | G14: (fo - fe)^2/fe
A15: =A6 -> Fresh | B15: =$E6 * B$10/$E$10 -> 24.5 | C15: =$E6 * C$10/$E$10 -> 30.8 | D15: =$E6 * D$10/$E$10 -> 14.7 | E15: =SUM(B15:D15) -> 70 | G15: =G6^2/B15 -> 0.010204082 | H15: =H6^2/C15 -> 0.046753247 | I15: =I6^2/D15 -> 0.033333333
A16: =A7 -> Soph | B16: =$E7 * B$10/$E$10 -> 21 | C16: =$E7 * C$10/$E$10 -> 26.4 | D16: =$E7 * D$10/$E$10 -> 12.6 | E16: =SUM(B16:D16) -> 60 | G16: =G7^2/B16 -> 0.047619048 | H16: =H7^2/C16 -> 0.0060606061 | I16: =I7^2/D16 -> 0.028571429
A17: =A8 -> Junior | B17: =$E8 * B$10/$E$10 -> 10.5 | C17: =$E8 * C$10/$E$10 -> 13.2 | D17: =$E8 * D$10/$E$10 -> 6.3 | E17: =SUM(B17:D17) -> 30 | G17: =G8^2/B17 -> 0.023809524 | H17: =H8^2/C17 -> 0.048484848 | I17: =I8^2/D17 -> 0.014285714
A18: =A9 -> Senior | B18: =$E9 * B$10/$E$10 -> 14 | C18: =$E9 * C$10/$E$10 -> 17.6 | D18: =$E9 * D$10/$E$10 -> 8.4 | E18: =SUM(B18:D18) -> 40 | G18: =G9^2/B18 -> 0 | H18: =H9^2/C18 -> 0.14545455 | I18: =I9^2/D18 -> 0.3047619
A19: Total | B19: =SUM(B15:B18) -> 70 | C19: =SUM(C15:C18) -> 88 | D19: =SUM(D15:D18) -> 42 | E19: =SUM(B19:D19) -> 200
A21: Data
A22: Level of Significance | B22: 0.05
A23: Number of Rows | B23: 4
A24: Number of Columns | B24: 3
A25: Degrees of Freedom | B25: =(B23 - 1) * (B24 - 1) -> 6
A27: Results
A28: Critical Value | B28: =_xlfn.CHISQ.INV.RT(B22, B25) -> 12.591587
A29: Chi-Square Test Statistic | B29: =SUM(G15:I18) -> 0.70933828
A30: p-Value | B30: =_xlfn.CHISQ.DIST.RT(B29, B25) -> 0.99428731
A31: =IF(B30 < B22, "Reject the null hypothesis", "Do not reject the null hypothesis") -> Do not reject the null hypothesis
A33: Expected frequency assumption
A34: =IF(OR(B15<1, C15<1, D15<1, B16<1, C16<1, D16<1, B17<1, C17<1, D17<1, B18<1, C18<1, D18<1), " is violated.", " is met.") -> is met.

Sheet In Class Problem 1
A1: 12.1
A2: Parts A and B | C2: Observed Frequencies
A3: Null Hypothesis | B3: Propotions are same | C3: Choose Again? | D3: Automotive | E3: Energy | F3: Hospitality | G3: Industrial | H3: retail | I3: Total
A4: Alternative Hypothesis | B4: Peopotions are different | C4: Yes | D4: =0.25*D6 -> 125 | E4: =0.2*E6 -> 100 | F4: =0.3*F6 -> 150 | G4: =0.33*G6 -> 165 | H4: =0.52*H6 -> 260 | I4: =SUM(D4:H4) -> 800
C5: No | D5: =D6-D4 -> 375 | E5: =E6-E4 -> 400 | F5: =F6-F4 -> 350 | G5: =G6-G4 -> 335 | H5: =H6-H4 -> 240 | I5: =SUM(D5:H5) -> 1700
A6: Chi Square Test Statistic Value | B6: =ChiSquare2x5!B25 -> 137.40809 | C6: Total | D6: 500 | E6: 500 | F6: 500 | G6: 500 | H6: 500 | I6: 2500
A7: Critical Value | B7: =ChiSquare2x5!B24 -> 9.487729
A8: Decision | B8: Reject The Null Hypothesis
A9: State your decision Relative to the Problem | B9: We reject the Null since the P value is 0.00 meaning that there is not enough evidence to support the null hypothesis meaning that the propotions are not the same
A10: Part C.
A11: If you did find a difference from Part A, please put an x on the ones that you determined to be different | B11: Automotive and Energy | C11: -
B12: Automotive and Hospitality | C12: -
B13: Automotive and Industrial | C13: -
B14: Automotive and Retail | C14: x
B15: Energy and Hospitality | C15: x
B16: Energy and Industrial | C16: x
B17: Energy and Retail | C17: x
B18: Hospitality and Industrial | C18: -
B19: Hospitality and Retail | C19: x
B20: Industrial and Retail | C20: x

Sheet ChiSquare2x5
A1: Chi-Square Test
A3: Observed Frequencies
B4: Column variable | I4: Calculations
A5: Choose Again? | B5: Automotive | C5: Energy | D5: Hospitality | E5: Industrial | F5: retail | G5: Total | I5: fo - fe
A6: Yes | B6: =0.25*B8 -> 125 | C6: =0.2*C8 -> 100 | D6: =0.3*D8 -> 150 | E6: =0.33*E8 -> 165 | F6: =0.52*F8 -> 260 | G6: =SUM(B6:F6) -> 800 | I6: =B6 - B13 -> -35 | J6: =C6 - C13 -> -60 | K6: =D6 - D13 -> -10 | L6: =E6 - E13 -> 5 | M6: =F6 - F13 -> 100
A7: No | B7: =B8-B6 -> 375 | C7: =C8-C6 -> 400 | D7: =D8-D6 -> 350 | E7: =E8-E6 -> 335 | F7: =F8-F6 -> 240 | G7: =SUM(B7:F7) -> 1700 | I7: =B7 - B14 -> 35 | J7: =C7 - C14 -> 60 | K7: =D7 - D14 -> 10 | L7: =E7 - E14 -> -5 | M7: =F7 - F14 -> -100
A8: Total | B8: 500 | C8: 500 | D8: 500 | E8: 500 | F8: 500 | G8: 2500
A10: Expected Frequencies
B11: =B4 -> Column variable
A12: =A5 -> Choose Again? | B12: =B5 -> Automotive | C12: =C5 -> Energy | D12: =D5 -> Hospitality | E12: =E5 -> Industrial | F12: =F5 -> retail | G12: Total | I12: (fo - fe)^2/fe
A13: =A6 -> Yes | B13: =$G6 * B$8/$G$8 -> 160 | C13: =$G6 * C$8/$G$8 -> 160 | D13: =$G6 * D$8/$G$8 -> 160 | E13: =$G6 * E$8/$G$8 -> 160 | F13: =$G6 * F$8/$G$8 -> 160 | G13: =SUM(B13:F13) -> 800 | I13: =I6^2/B13 -> 7.65625 | J13: =J6^2/C13 -> 22.5 | K13: =K6^2/D13 -> 0.625 | L13: =L6^2/E13 -> 0.15625 | M13: =M6^2/F13 -> 62.5
A14: =A7 -> No | B14: =$G7 * B$8/$G$8 -> 340 | C14: =$G7 * C$8/$G$8 -> 340 | D14: =$G7 * D$8/$G$8 -> 340 | E14: =$G7 * E$8/$G$8 -> 340 | F14: =$G7 * F$8/$G$8 -> 340 | G14: =SUM(B14:F14) -> 1700 | I14: =I7^2/B14 -> 3.6029412 | J14: =J7^2/C14 -> 10.588235 | K14: =K7^2/D14 -> 0.29411765 | L14: =L7^2/E14 -> 0.073529412 | M14: =M7^2/F14 -> 29.411765
A15: Total | B15: =SUM(B13:B14) -> 500 | C15: =SUM(C13:C14) -> 500 | D15: =SUM(D13:D14) -> 500 | E15: =SUM(E13:E14) -> 500 | F15: =SUM(F13:F14) -> 500 | G15: =SUM(B15:F15) -> 2500
A17: Data
A18: Level of Significance | B18: 0.05
A19: Number of Rows | B19: 2
A20: Number of Columns | B20: 5
A21: Degrees of Freedom | B21: =(B19 - 1) * (B20 - 1) -> 4
A23: Results
A24: Critical Value | B24: =_xlfn.CHISQ.INV.RT(B18, B21) -> 9.487729
A25: Chi-Square Test Statistic | B25: =SUM(I13:M14) -> 137.40809
A26: p-Value | B26: =_xlfn.CHISQ.DIST.RT(B25, B21) -> 1.0126765e-28
A27: =IF(B26 < B18, "Reject the null hypothesis", "Do not reject the null hypothesis") -> Reject the null hypothesis
A29: Expected frequency assumption
A30: =IF(OR(B13<1, C13<1, D13<1, E13<1, F13<1, B14<1, C14<1, D14<1, E14<1, F14<1), " is violated.", " is met.") -> is met.

Sheet Marascuilo2x5
A1: Marascuilo Procedure
A3: Level of Significance | B3: =ChiSquare2x5!B18 -> 0.05
A4: Square Root of Critical Value | B4: =SQRT(ChiSquare2x5!B24) -> 3.0802157
A6: Group Sample Proportions
A7: ="1: " & ChiSquare2x5!B5 -> 1: Automotive | B7: =ChiSquare2x5!B6/ChiSquare2x5!B8 -> 0.25
A8: ="2: " & ChiSquare2x5!C5 -> 2: Energy | B8: =ChiSquare2x5!C6/ChiSquare2x5!C8 -> 0.2
A9: ="3: " & ChiSquare2x5!D5 -> 3: Hospitality | B9: =ChiSquare2x5!D6/ChiSquare2x5!D8 -> 0.3
A10: ="4: " & ChiSquare2x5!E5 -> 4: Industrial | B10: =ChiSquare2x5!E6/ChiSquare2x5!E8 -> 0.33
A11: ="5: " & ChiSquare2x5!F5 -> 5: retail | B11: =ChiSquare2x5!F6/ChiSquare2x5!F8 -> 0.52
A13: MARASCUILO TABLE
A14: Proportions | B14: Absolute Differences | C14: Critical Range
A15: | Group 1 - Group 2 | | B15: =ABS(B7 - B8) -> 0.05 | C15: =B4 * SQRT(B7 * (1 - B7)/ChiSquare2x5!B8+B8 * (1 - B8)/ChiSquare2x5!C8) -> 0.081203274 | D15: =IF(B15 > C15, "Significant", "Not significant") -> Not significant
A16: | Group 1 - Group 3 | | B16: =ABS(B7 - B9) -> 0.05 | C16: =B4 * SQRT(B7 * (1 - B7)/ChiSquare2x5!B8+B9 * (1 - B9)/ChiSquare2x5!D8) -> 0.086848976 | D16: =IF(B16 > C16, "Significant", "Not significant") -> Not significant
A17: | Group 1 - Group 4 | | B17: =ABS(B7 - B10) -> 0.08 | C17: =B4 * SQRT(B7 * (1 - B7)/ChiSquare2x5!B8+B10 * (1 - B10)/ChiSquare2x5!E8) -> 0.088053235 | D17: =IF(B17 > C17, "Significant", "Not significant") -> Not significant
A18: | Group 1 - Group 5 | | B18: =ABS(B7 - B11) -> 0.27 | C18: =B4 * SQRT(B7 * (1 - B7)/ChiSquare2x5!B8+B11 * (1 - B11)/ChiSquare2x5!F8) -> 0.091072349 | D18: =IF(B18 > C18, "Significant", "Not significant") -> Significant
A20: | Group 2 - Group 3 | | B20: =ABS(B8 - B9) -> 0.1 | C20: =B4 * SQRT(B8 * (1 - B8)/ChiSquare2x5!C8+B9 * (1 - B9)/ChiSquare2x5!D8) -> 0.083790927 | D20: =IF(B20 > C20, "Significant", "Not significant") -> Significant
A21: | Group 2 - Group 4 | | B21: =ABS(B8 - B10) -> 0.13 | C21: =B4 * SQRT(B8 * (1 - B8)/ChiSquare2x5!C8+B10 * (1 - B10)/ChiSquare2x5!E8) -> 0.085038503 | D21: =IF(B21 > C21, "Significant", "Not significant") -> Significant
A22: | Group 2 - Group 5 | | B22: =ABS(B8 - B11) -> 0.32 | C22: =B4 * SQRT(B8 * (1 - B8)/ChiSquare2x5!C8+B11 * (1 - B11)/ChiSquare2x5!F8) -> 0.088160919 | D22: =IF(B22 > C22, "Significant", "Not significant") -> Significant
A24: | Group 3 - Group 4 | | B24: =ABS(B9 - B10) -> 0.03 | C24: =B4 * SQRT(B9 * (1 - B9)/ChiSquare2x5!D8+B10 * (1 - B10)/ChiSquare2x5!E8) -> 0.090445121 | D24: =IF(B24 > C24, "Significant", "Not significant") -> Not significant
A25: | Group 3 - Group 5 | | B25: =ABS(B9 - B11) -> 0.22 | C25: =B4 * SQRT(B9 * (1 - B9)/ChiSquare2x5!D8+B11 * (1 - B11)/ChiSquare2x5!F8) -> 0.09338694 | D25: =IF(B25 > C25, "Significant", "Not significant") -> Significant
A27: | Group 4 - Group 5 | | B27: =ABS(B10 - B11) -> 0.19 | C27: =B4 * SQRT(B10 * (1 - B10)/ChiSquare2x5!E8+B11 * (1 - B11)/ChiSquare2x5!F8) -> 0.094507926 | D27: =IF(B27 > C27, "Significant", "Not significant") -> Significant
